<?xml version="1.0" encoding="UTF-8"?>
<!--
~  Copyright (c) 2005-2014, WSO2 Inc. (http://wso2.com) All Rights Reserved.
~
~  WSO2 Inc. licenses this file to you under the Apache License,
~  Version 2.0 (the "License"); you may not use this file except
~  in compliance with the License.
~  You may obtain a copy of the License at
~
~    http://www.apache.org/licenses/LICENSE-2.0
~
~  Unless required by applicable law or agreed to in writing,
~  software distributed under the License is distributed on an
~  "AS IS" BASIS, WITHOUT WARRANTIES OR CONDITIONS OF ANY
~  KIND, either express or implied.  See the License for the
~  specific language governing permissions and limitations
~  under the License.
-->

<component name="tumblr_UserMethods" type="synapse/template" >
    <subComponents> 
		<component name="getUserInfo">
				<file>getUserInfo.xml</file>
				<description>
					Operation to retrieve information of user associated with oauth credentials (require OAuth 1.0a authentication)
				</description>
		</component>
		<component name="getUserDashBoard">
				<file>getUserDashBoard.xml</file>
				<description>
					Operation to retrieve User's Dashboard associated with oauth credentials (require OAuth 1.0a authentication)
				</description>
		</component>			
		<component name="getLikes">
				<file>getLikes.xml</file>
				<description>
					Operation to retrieve likes for blog posts associated with oauth credentials (require OAuth 1.0a authentication)
				</description>
		</component>
		<component name="getFollowing">
				<file>getFollowing.xml</file>
				<description>
					Operation to retrieve blogs following by the user associated with oauth credentials (require OAuth 1.0a authentication)
				</description>
		</component>
		<component name="follow">
				<file>follow.xml</file>
				<description>
					Operation to follow a blog by the user associated with oauth credentials (require OAuth 1.0a authentication)
				</description>
		</component>
		<component name="unFollow">
				<file>unFollow.xml</file>
				<description>
					Operation to unFollow a blog by the user associated with oauth credentials (require OAuth 1.0a authentication)
				</description>
		</component>
		<component name="like">
				<file>like.xml</file>
				<description>
					Operation to like blog post by the user associated with oauth credentials (require OAuth 1.0a authentication)
				</description>
		</component>
		<component name="unlike">
				<file>unlike.xml</file>
				<description>
					Operation to like blog post by the user associated with oauth credentials (require OAuth 1.0a authentication)
				</description>
		</component>
    </subComponents>    
</component>
