<?xml version="1.0" encoding="UTF-8"?>
<template name="getUserInfo" xmlns="http://ws.apache.org/ns/synapse">
	
	<!-- OAuth 1.0a authentication information -->
	<parameter name="oauthConsumerKey"/>
    <parameter name="oauthConsumerSecret"/>
    <parameter name="oauthAccessToken"/>
    <parameter name="oauthAccessTokenSecret"/>
    
    <!-- Method information -->
       
    
	<sequence>
	
		<property name="tumblr.oauth.consumerKey" expression="$func:oauthConsumerKey" scope="default" type="STRING"/>
        <property name="tumblr.oauth.consumerSecret" expression="$func:oauthConsumerSecret" scope="default" type="STRING"/>
        <property name="tumblr.oauth.accessToken" expression="$func:oauthAccessToken" scope="default" type="STRING"/>
        <property name="tumblr.oauth.accessSecret" expression="$func:oauthAccessTokenSecret" scope="default" type="STRING"/>      
        
        <log level="custom">
        	<property name="OAUTH_CONSUMER_KEY" expression="get-property('tumblr.oauth.consumerKey')"/>
        	<property name="OAUTH_CONSUMER_SECRET" expression="get-property('tumblr.oauth.consumerSecret')"/>
            <property name="OAUTH_ACCESS_TOKEN" expression="get-property('tumblr.oauth.accessToken')"/>
            <property name="OAUTH_ACCESS_SECRET" expression="get-property('tumblr.oauth.accessSecret')"/>
        </log>
        
        
        <!-- Create GET url -->
        <property name="tumblr.url.userInfo" value="http://api.tumblr.com/v2/user/info"/>
               
       	<class name="org.wso2.carbon.connector.tumblr.TumblrGetUserInfo"/>
       	
       	<payloadFactory media-type="json">
	       <format>
	          $1
	       </format>
	       <args>
	       		<arg expression="get-property('tumblr.response')"/>
	       </args>
	    </payloadFactory>
        <property name="messageType" value="application/json" scope="axis2"/>
               
	</sequence>
</template>
