<?xml version="1.0" encoding="UTF-8"?>
<!--
~  Copyright (c) 2005-2014, WSO2 Inc. (http://wso2.com) All Rights Reserved.
~
~  WSO2 Inc. licenses this file to you under the Apache License,
~  Version 2.0 (the "License"); you may not use this file except
~  in compliance with the License.
~  You may obtain a copy of the License at
~
~    http://www.apache.org/licenses/LICENSE-2.0
~
~  Unless required by applicable law or agreed to in writing,
~  software distributed under the License is distributed on an
~  "AS IS" BASIS, WITHOUT WARRANTIES OR CONDITIONS OF ANY
~  KIND, either express or implied.  See the License for the
~  specific language governing permissions and limitations
~  under the License.
-->

<component name="tumblr_BlogMethods" type="synapse/template" >
    <subComponents> 
		<component name="getBlogInfo" >
	    		<file>getBlogInfo.xml</file>
	    		<description>Retrieve information of specified blog</description>
		</component>
		<component name="getFollowers">
				<file>getFollowers.xml</file>
				<description>
					Operation to retrieve followers of the blog associated with oauth credentials (require OAuth 1.0a authentication)
				</description>
		</component>
		<component name="getBlogLikes">
				<file>getBlogLikes.xml</file>
				<description>retrieve the publicly exposed likes from a blog.</description>
		</component>
		<component name="getPosts">
				<file>getPosts.xml</file>
				<description>retrieve published blog posts</description>
		</component>
		<component name="getQueuedPosts">
				<file>getQueuedPosts.xml</file>
				<description>Operation to retrieve queued posts (require OAuth 1.0a authentication)</description>
		</component>
		<component name="getDraftedPosts">
				<file>getDraftedPosts.xml</file>
				<description>
					Operation to retrieve drafted posts of the blog associated with oauth credentials (require OAuth 1.0a authentication)
				</description>
		</component>
		<component name="getAvatar">
				<file>getAvatar.xml</file>
				<description>Retrieve avatar of specified blog</description>
		</component>
		
		
		<component name="createPost">
				<file>createPost.xml</file>
				<description>
					Operation to create posts of the blog associated with oauth credentials (require OAuth 1.0a authentication)
				</description>
		</component>
		
		<component name="editPost">
				<file>editPost.xml</file>
				<description>
					Operation to edit posts of the blog associated with oauth credentials (require OAuth 1.0a authentication)
				</description>
		</component>
		
		<component name="reblogPost">
				<file>reblogPost.xml</file>
				<description>
					Operation to reblog posts of the blog associated with oauth credentials (require OAuth 1.0a authentication)
				</description>
		</component>
		
		<component name="deletePost">
				<file>deletePost.xml</file>
				<description>
					Operation to delete posts of the blog associated with oauth credentials (require OAuth 1.0a authentication)
				</description>
		</component>			
    </subComponents>    
</component>
