<?xml version="1.0" encoding="UTF-8"?>
<template name="deletePost" xmlns="http://ws.apache.org/ns/synapse">

	<parameter name="oauthConsumerKey"/>
    <parameter name="oauthConsumerSecret"/>
    <parameter name="oauthAccessToken"/>
    <parameter name="oauthAccessTokenSecret"/>
    
    <parameter name="baseHostUrl"/>
    
    <parameter name="postId"/>
    
	<sequence>
		<property name="tumblr.oauth.consumerKey" expression="$func:oauthConsumerKey" scope="default" type="STRING"/>
        <property name="tumblr.oauth.consumerSecret" expression="$func:oauthConsumerSecret" scope="default" type="STRING"/>
        <property name="tumblr.oauth.accessToken" expression="$func:oauthAccessToken" scope="default" type="STRING"/>
        <property name="tumblr.oauth.accessSecret" expression="$func:oauthAccessTokenSecret" scope="default" type="STRING"/>
        <property name="uri.var.baseHostUrl" expression="$func:baseHostUrl" scope="default" type="STRING"/>
        
        <property name="tumblr.param.id" expression="$func:postId" scope="default" type="STRING"/>
        
        <property name="uri.var.mainUrl" value="http://api.tumblr.com/v2/blog"/>
        
        <log level="custom">
        	<property name="OAUTH_CONSUMER_KEY" expression="get-property('tumblr.oauth.consumerKey')"/>
        	<property name="OAUTH_CONSUMER_SECRET" expression="get-property('tumblr.oauth.consumerSecret')"/>
            <property name="OAUTH_ACCESS_TOKEN" expression="get-property('tumblr.oauth.accessToken')"/>
            <property name="OAUTH_ACCESS_SECRET" expression="get-property('tumblr.oauth.accessSecret')"/> 
            <property name="BASE_HOST_URL" expression="get-property('uri.var.baseHostUrl')"/>           
        </log>    
        
        <payloadFactory media-type="xml">
	       <format>
	          <soapenv:Envelope xmlns:soapenv="http://schemas.xmlsoap.org/soap/envelope/">
	             <soapenv:Header/>
	             <soapenv:Body/>
	          </soapenv:Envelope>
	       </format>
	       <args/>
	    </payloadFactory>
        
        <!-- TODO : CHECK MESSAGE TYPE SETTING -->
        <property name="messageType" value="application/json" scope="axis2"/>
        
        <!-- Create POST url -->
        <property name="tumblr.url.deletePost" expression="fn:concat('http://api.tumblr.com/v2/blog/', get-property('uri.var.baseHostUrl'), '/post/delete')" />
        
        <class name="org.wso2.carbon.connector.tumblr.TumblrDeletePost"/>
        
	</sequence>
</template>