<?xml version="1.0" encoding="UTF-8"?>
<template name="getAvatar" xmlns="http://ws.apache.org/ns/synapse">

	<parameter name="baseHostUrl"/>
	<parameter name="size"/>
    
	<sequence>
	
        <property name="uri.var.baseHostUrl" expression="$func:baseHostUrl" scope="default" type="STRING"/>
        <property name="uri.var.size" expression="$func:baseHostUrl" scope="default" type="STRING"/>        
        
        <!-- <property name="Accept" value="application/json" scope="transport"/> -->
        
        <filter xpath="get-property('uri.var.size') = '' or  (not(string(get-property('uri.var.size'))))">
        	<then>
        		<property name="uri.var.size" value="" scope="default" type="STRING"/>
        	</then>
        	<else>
        		<property name="uri.var.size" expression="fn:concat('/', get-property('uri.var.size'))" 
        																scope="default" type="STRING"/>
        	</else>
        </filter>
        
        <call>
	        <endpoint>
	        	<http method="GET" uri-template="http://api.tumblr.com/v2/blog/{uri.var.baseHostUrl}/avatar{uri.var.size}"/>
	        </endpoint>
	    </call>
        
             
	</sequence>
</template>