<?xml version="1.0" encoding="UTF-8"?>
<template name="getFollowers" xmlns="http://ws.apache.org/ns/synapse">
	
	<!-- OAuth 1.0a authentication information -->
	<parameter name="oauthConsumerKey"/>
    <parameter name="oauthConsumerSecret"/>
    <parameter name="oauthAccessToken"/>
    <parameter name="oauthAccessTokenSecret"/>
    
    <!-- Method information -->
    <parameter name="baseHostUrl"/>
    <parameter name="offset"/>
    <parameter name="limit"/>    
    
	<sequence>
		<property name="uri.var.baseHostUrl" expression="$func:baseHostUrl" scope="default" type="STRING"/>
        <property name="tumblr.param.offset" expression="$func:offset"/>
        <property name="tumblr.param.limit" expression="$func:limit"/>  
        
        <!-- Create GET url -->
        <property name="tumblr.url.followers" expression="fn:concat('http://api.tumblr.com/v2/blog/', 
        															get-property('uri.var.baseHostUrl'), 
        															'/followers')" />
                       
       	<class name="org.wso2.carbon.connector.tumblr.TumblrGetFollowers"/>
       	
       	<payloadFactory media-type="json">
	       <format>
	          $1
	       </format>
	       <args>
	       		<arg expression="get-property('tumblr.response')"/>
	       </args>
	    </payloadFactory>
        <property name="messageType" value="application/json" scope="axis2"/>
               
	</sequence>
</template>
