<?xml version="1.0" encoding="UTF-8"?>
<template xmlns="http://ws.apache.org/ns/synapse" name="getQueuedPosts">
	<!-- OAuth 1.0a authentication information -->
	<parameter name="oauthConsumerKey"/>
    <parameter name="oauthConsumerSecret"/>
    <parameter name="oauthAccessToken"/>
    <parameter name="oauthAccessTokenSecret"/>
    
    <!-- Method information -->
    <parameter name="baseHostUrl"/>
    <parameter name="offset"/>
    <parameter name="limit"/>
    <parameter name="filter"/>
    
    <sequence>
        <property name="uri.var.baseHostUrl" expression="$func:baseHostUrl" scope="default" type="STRING"/>
        <property name="tumblr.param.offset" expression="$func:offset"/>
        <property name="tumblr.param.limit" expression="$func:limit"/>
        <property name="tumblr.param.filter" expression="$func:filter"/>    
   
        <!-- Create GET url -->
        <property name="tumblr.url.queuedPosts" expression="fn:concat('http://api.tumblr.com/v2/blog/', 
        									get-property('uri.var.baseHostUrl'), '/posts/queue')" />     
        
        <class name="org.wso2.carbon.connector.tumblr.TumblrGetQueuedPosts"/>
        
        <payloadFactory media-type="json">
	       <format>
	          $1
	       </format>
	       <args>
	       		<arg expression="get-property('tumblr.response')"/>
	       </args>
	    </payloadFactory>
        <property name="messageType" value="application/json" scope="axis2"/>
        
    </sequence>
</template>