<?xml version="1.0" encoding="UTF-8"?>
<!--
~  Copyright (c) 2005-2014, WSO2 Inc. (http://wso2.com) All Rights Reserved.
~
~  WSO2 Inc. licenses this file to you under the Apache License,
~  Version 2.0 (the "License"); you may not use this file except
~  in compliance with the License.
~  You may obtain a copy of the License at
~
~    http://www.apache.org/licenses/LICENSE-2.0
~
~  Unless required by applicable law or agreed to in writing,
~  software distributed under the License is distributed on an
~  "AS IS" BASIS, WITHOUT WARRANTIES OR CONDITIONS OF ANY
~  KIND, either express or implied.  See the License for the
~  specific language governing permissions and limitations
~  under the License.
-->

<template name="init" xmlns="http://ws.apache.org/ns/synapse">
	<parameter name="oauthConsumerKey"/>
    <parameter name="oauthConsumerSecret"/>
    <parameter name="oauthAccessToken"/>
    <parameter name="oauthAccessTokenSecret"/>
    <parameter name="baseHostUrl"/>
    
	<sequence>
		<property name="tumblr.oauth.consumerKey" expression="$func:oauthConsumerKey" scope="default" type="STRING"/>
        <property name="tumblr.oauth.consumerSecret" expression="$func:oauthConsumerSecret" scope="default" type="STRING"/>
        <property name="tumblr.oauth.accessToken" expression="$func:oauthAccessToken" scope="default" type="STRING"/>
        <property name="tumblr.oauth.accessSecret" expression="$func:oauthAccessTokenSecret" scope="default" type="STRING"/>
        <property name="uri.var.baseHostUrl" expression="$func:baseHostUrl" scope="default" type="STRING"/>
        
        <property name="uri.var.mainUrl" value="http://api.tumblr.com/v2/blog"/>
        
        <log level="custom">
        	<property name="OAUTH_CONSUMER_KEY" expression="get-property('tumblr.oauth.consumerKey')"/>
        	<property name="OAUTH_CONSUMER_SECRET" expression="get-property('tumblr.oauth.consumerSecret')"/>
            <property name="OAUTH_ACCESS_TOKEN" expression="get-property('tumblr.oauth.accessToken')"/>
            <property name="OAUTH_ACCESS_SECRET" expression="get-property('tumblr.oauth.accessSecret')"/> 
            <property name="BASE_HOST_URL" expression="get-property('uri.var.baseHostUrl')"/>           
        </log>        
	</sequence>
</template>
